"Frequency (GHz)","Fitted","Frequency (GHz)","Insertion Loss","Uncertainty @12.89GHz 2.689% - Frequency (GHz)","Uncertainty @12.89GHz 2.689% - Insertion Loss / in (dB)","Uncertainty @16.00GHz 7.106% - Frequency (GHz)","Uncertainty @16.00GHz 7.106% - Insertion Loss / in (dB)","Uncertainty @28.00GHz 64.051% - Frequency (GHz)","Uncertainty @28.00GHz 64.051% - Insertion Loss / in (dB)","Uncertainty @4.00GHz 4.987% - Frequency (GHz)","Uncertainty @4.00GHz 4.987% - Insertion Loss / in (dB)","Uncertainty @8.00GHz 4.282% - Frequency (GHz)","Uncertainty @8.00GHz 4.282% - Insertion Loss / in (dB)"
0.030000000000000002,0.02228957467239813,0.030000000000000002,0.02228957467239813,12.9,0.8552854530175067,16.02,1.0245845441994272,28.020000000000003,1.6844466977800736,4.02,0.3535943711272398,8.01,0.5862955988837315
0.060000000000000005,0.02974694779279095,0.060000000000000005,0.02974694779279095,,,,,,,,,,
0.09000000000000001,0.03719535630391998,0.09000000000000001,0.03719535630391998,,,,,,,,,,
0.12000000000000001,0.04399829038957755,0.12000000000000001,0.04399829038957755,,,,,,,,,,
0.15000000000000002,0.05067091668848676,0.15000000000000002,0.05067091668848676,,,,,,,,,,
0.18000000000000002,0.05476203057679607,0.18000000000000002,0.05476203057679607,,,,,,,,,,
0.21000000000000002,0.05853757874911833,0.21000000000000002,0.05977955652167597,,,,,,,,,,
0.24000000000000002,0.06293749082624826,0.24000000000000002,0.06283899598433852,,,,,,,,,,
0.27,0.06712538845696606,0.27,0.0666824769714785,,,,,,,,,,
0.30000000000000004,0.07113644148558837,0.30000000000000004,0.06902761881115599,,,,,,,,,,
0.33,0.07499711616344405,0.33,0.07474718701011429,,,,,,,,,,
0.36000000000000004,0.0787279157069998,0.36000000000000004,0.07899398029005955,,,,,,,,,,
0.39,0.0823451032413916,0.39,0.08342819006419448,,,,,,,,,,
0.42000000000000004,0.08586183376941972,0.42000000000000004,0.08594018026273612,,,,,,,,,,
0.45,0.08928892535103819,0.45,0.0894368970515494,,,,,,,,,,
0.48000000000000004,0.09263540071959223,0.48000000000000004,0.09347045984576437,,,,,,,,,,
0.51,0.09590887765249928,0.51,0.09589159846389317,,,,,,,,,,
0.54,0.09911585668375006,0.54,0.10007465729209028,,,,,,,,,,
0.5700000000000001,0.10226193731937458,0.5700000000000001,0.10302909217633119,,,,,,,,,,
0.6000000000000001,0.10535198332513991,0.6000000000000001,0.10637559173258589,,,,,,,,,,
0.63,0.10839025101131859,0.63,0.107960481159223,,,,,,,,,,
0.66,0.11138049015399172,0.66,0.11074654130603986,,,,,,,,,,
0.6900000000000001,0.11432602435971606,0.6900000000000001,0.11367867036516319,,,,,,,,,,
0.7200000000000001,0.11722981576651165,0.7200000000000001,0.11713622051941182,,,,,,,,,,
0.75,0.12009451765530912,0.75,0.11951138625161098,,,,,,,,,,
0.78,0.1229225176209181,0.78,0.12338317979557409,,,,,,,,,,
0.81,0.12571597329212866,0.81,0.12543537152874104,,,,,,,,,,
0.8400000000000001,0.1284768421134941,0.8400000000000001,0.1278552619382432,,,,,,,,,,
0.8700000000000001,0.1312069063515362,0.8700000000000001,0.13072087539367944,,,,,,,,,,
0.9,0.13390779422842183,0.9,0.13349868496663567,,,,,,,,,,
0.93,0.13658099789114822,0.93,0.13503763532715052,,,,,,,,,,
0.9600000000000001,0.13922788877627723,0.9600000000000001,0.13811259976185433,,,,,,,,,,
0.9900000000000001,0.14184973081683397,0.9900000000000001,0.14152367023248122,,,,,,,,,,
1.02,0.14444769185025436,1.02,0.14356515556564398,,,,,,,,,,
1.05,0.1470228535178337,1.05,0.14606386695932974,,,,,,,,,,
1.08,0.14957621989231415,1.08,0.1482441153756033,,,,,,,,,,
1.11,0.15210872502761927,1.11,0.15163834131413345,,,,,,,,,,
1.1400000000000001,0.15462123959073207,1.1400000000000001,0.15487253184430383,,,,,,,,,,
1.1700000000000002,0.15711457670839696,1.1700000000000002,0.1581520743557317,,,,,,,,,,
1.2000000000000002,0.1595894971392537,1.2000000000000002,0.15959543250167066,,,,,,,,,,
1.23,0.1620467138640661,1.23,0.16113364013108994,,,,,,,,,,
1.26,0.16448689617204124,1.26,0.16337007302621648,,,,,,,,,,
1.29,0.16691067330918002,1.29,0.1656061796545647,,,,,,,,,,
1.32,0.1693186377446465,1.32,0.16823076962314173,,,,,,,,,,
1.35,0.1717113481028805,1.35,0.17059001135225535,,,,,,,,,,
1.3800000000000001,0.17408933180229294,1.3800000000000001,0.1724638976228292,,,,,,,,,,
1.4100000000000001,0.176453087435618,1.4100000000000001,0.17548261845644295,,,,,,,,,,
1.4400000000000002,0.1788030869221491,1.4400000000000002,0.17772165722414063,,,,,,,,,,
1.4700000000000002,0.1811397774579961,1.4700000000000002,0.180078464131305,,,,,,,,,,
1.5,0.18346358328703571,1.5,0.18284315297068773,,,,,,,,,,
1.53,0.18577490731228297,1.53,0.18438348759811807,,,,,,,,,,
1.56,0.18807413256489536,1.56,0.18739227259947877,,,,,,,,,,
1.59,0.19036162354587444,1.59,0.1897405660320688,,,,,,,,,,
1.62,0.1926377274536798,1.62,0.19135979304639147,,,,,,,,,,
1.6500000000000001,0.19490277530938196,1.6500000000000001,0.1941199962459983,,,,,,,,,,
1.6800000000000002,0.19715708298960483,1.6800000000000002,0.1974000069486695,,,,,,,,,,
1.7100000000000002,0.19940095217632164,1.7100000000000002,0.20218793669499088,,,,,,,,,,
1.7400000000000002,0.20163467123153136,1.7400000000000002,0.21367306667830546,,,,,,,,,,
1.77,0.20385851600394572,1.77,0.21011403306839266,,,,,,,,,,
1.8,0.20607275057402952,1.8,0.20727641797363758,,,,,,,,,,
1.83,0.20827762794305105,1.83,0.20763577593344737,,,,,,,,,,
1.86,0.21047339067119492,1.86,0.20949637889703646,,,,,,,,,,
1.8900000000000001,0.21266027146926197,1.8900000000000001,0.2114091666455351,,,,,,,,,,
1.9200000000000002,0.21483849374801112,1.9200000000000002,0.21196806619363912,,,,,,,,,,
1.9500000000000002,0.2170082721287892,1.9500000000000002,0.21513792337618926,,,,,,,,,,
1.9800000000000002,0.21916981291872675,1.9800000000000002,0.21678642962711842,,,,,,,,,,
2.01,0.22132331455345783,2.01,0.21861383100210707,,,,,,,,,,
2.04,0.22346896801003244,2.04,0.22141119119648875,,,,,,,,,,
2.07,0.22560695719243587,2.07,0.2236048801967633,,,,,,,,,,
2.1,0.2277374592919022,2.1,0.2267994402035046,,,,,,,,,,
2.1300000000000003,0.22986064512400467,2.1300000000000003,0.2284601266194378,,,,,,,,,,
2.16,0.23197667944432473,2.16,0.23053166432550337,,,,,,,,,,
2.19,0.23408572124433935,2.19,0.23333960926429925,,,,,,,,,,
2.22,0.2361879240290188,2.22,0.23656796681377684,,,,,,,,,,
2.25,0.23828343607749622,2.25,0.239352406908581,,,,,,,,,,
2.2800000000000002,0.24037240068805366,2.2800000000000002,0.24487371787284817,,,,,,,,,,
2.31,0.24245495640856046,2.31,0.2577621660564132,,,,,,,,,,
2.3400000000000003,0.24453123725340564,2.3400000000000003,0.2719452815863303,,,,,,,,,,
2.37,0.2466013729078776,2.37,0.2565296259594474,,,,,,,,,,
2.4000000000000004,0.2486654889208681,2.4000000000000004,0.2516145017107401,,,,,,,,,,
2.43,0.2507237068867029,2.43,0.2512748826568078,,,,,,,,,,
2.46,0.25277614461684084,2.46,0.2517106852704438,,,,,,,,,,
2.49,0.2548229163021201,2.49,0.2531574459645394,,,,,,,,,,
2.52,0.2568641326661814,2.52,0.25448312889786434,,,,,,,,,,
2.5500000000000003,0.2588999011106454,2.5500000000000003,0.2563328756426276,,,,,,,,,,
2.58,0.26093032585258025,2.58,0.2584575478623314,,,,,,,,,,
2.6100000000000003,0.2629555080547519,2.6100000000000003,0.26033370096884495,,,,,,,,,,
2.64,0.26497554594911615,2.64,0.2616331136207996,,,,,,,,,,
2.6700000000000004,0.2669905349539747,2.6700000000000004,0.2649190870919507,,,,,,,,,,
2.7,0.2690005677851872,2.7,0.2658309063778552,,,,,,,,,,
2.73,0.2710057345618052,2.73,0.26858413526476044,,,,,,,,,,
2.7600000000000002,0.27300612290646326,2.7600000000000002,0.2706298012357164,,,,,,,,,,
2.79,0.27500181804084395,2.79,0.27280324528407257,,,,,,,,,,
2.8200000000000003,0.2769929028765074,2.8200000000000003,0.27547415799364067,,,,,,,,,,
2.85,0.2789794581013567,2.85,0.2786107138049621,,,,,,,,,,
2.8800000000000003,0.2809615622619946,2.8800000000000003,0.28296230342589246,,,,,,,,,,
2.91,0.2829392918422043,2.91,0.2931303770733724,,,,,,,,,,
2.9400000000000004,0.28491272133777834,2.9400000000000004,0.2942386442956456,,,,,,,,,,
2.97,0.2868819233278975,2.97,0.28909657953179324,,,,,,,,,,
3,0.2888469685432544,3,0.28849208390077424,,,,,,,,,,
3.0300000000000002,0.2908079259311002,3.0300000000000002,0.2900418462527293,,,,,,,,,,
3.06,0.29276486271738206,3.06,0.2899779628192058,,,,,,,,,,
3.0900000000000003,0.29471784446613003,3.0900000000000003,0.29194661978756237,,,,,,,,,,
3.12,0.2966669351362388,3.12,0.29393251785173446,,,,,,,,,,
3.1500000000000004,0.2986121971357842,3.1500000000000004,0.2960432307458643,,,,,,,,,,
3.18,0.3005536913740022,3.18,0.29950540805507114,,,,,,,,,,
3.2100000000000004,0.3024914773110537,3.2100000000000004,0.300014868410954,,,,,,,,,,
3.24,0.30442561300568804,3.24,0.3028268224328187,,,,,,,,,,
3.27,0.30635615516091314,3.27,0.30481596541577727,,,,,,,,,,
3.3000000000000003,0.3082831591677725,3.3000000000000003,0.30587026206198614,,,,,,,,,,
3.33,0.310206679147325,3.33,0.3064918082014167,,,,,,,,,,
3.3600000000000003,0.3121267679909156,3.3600000000000003,0.3089726467436273,,,,,,,,,,
3.39,0.3140434773988221,3.39,0.3108867045878894,,,,,,,,,,
3.4200000000000004,0.31595685791735684,3.4200000000000004,0.31207210182895534,,,,,,,,,,
3.45,0.31786695897449757,3.45,0.3157555374121806,,,,,,,,,,
3.4800000000000004,0.3197738289141192,3.4800000000000004,0.31936289075135565,,,,,,,,,,
3.5100000000000002,0.32167751502889186,3.5100000000000002,0.3237039440214096,,,,,,,,,,
3.54,0.3235780635919086,3.54,0.3234343257805361,,,,,,,,,,
3.5700000000000003,0.32547551988710255,3.5700000000000003,0.32355373131578735,,,,,,,,,,
3.6,0.3273699282385082,3.6,0.3247153820714628,,,,,,,,,,
3.6300000000000003,0.32926133203842234,3.6300000000000003,0.3266459222203758,,,,,,,,,,
3.66,0.33114977377451205,3.66,0.32775249490402975,,,,,,,,,,
3.6900000000000004,0.3330352950559198,3.6900000000000004,0.330052129378243,,,,,,,,,,
3.72,0.3349179366384084,3.72,0.3333372950916583,,,,,,,,,,
3.7500000000000004,0.3367977384485912,3.7500000000000004,0.33481968743943435,,,,,,,,,,
3.7800000000000002,0.33867473960728467,3.7800000000000002,0.3370184040149219,,,,,,,,,,
3.81,0.3405489784520249,3.81,0.3380008456435741,,,,,,,,,,
3.8400000000000003,0.34242049255878243,3.8400000000000003,0.33994357943490566,,,,,,,,,,
3.87,0.3442893187629097,3.87,0.3409841925725283,,,,,,,,,,
3.9000000000000004,0.34615549317935623,3.9000000000000004,0.3427642046913009,,,,,,,,,,
3.93,0.3480190512221799,3.93,0.34434868348385095,,,,,,,,,,
3.9600000000000004,0.3498800276233855,3.9600000000000004,0.3465845202606952,,,,,,,,,,
3.99,0.35173845645111834,3.99,0.3491858823152337,,,,,,,,,,
4.02,0.3535943711272398,4.02,0.35096973561386635,,,,,,,,,,
4.05,0.3554478044443101,4.05,0.35643419998085163,,,,,,,,,,
4.08,0.3572987885820021,4.08,0.35961643680349625,,,,,,,,,,
4.11,0.35914735512297014,4.11,0.36207819829939686,,,,,,,,,,
4.14,0.3609935350681952,4.14,0.36152516759253706,,,,,,,,,,
4.17,0.36283735885182805,4.17,0.36074426292964723,,,,,,,,,,
4.2,0.36467885635554836,4.2,0.36113525618790565,,,,,,,,,,
4.23,0.366518056922462,4.23,0.3637350429301179,,,,,,,,,,
4.260000000000001,0.3683549893705515,4.260000000000001,0.36623505775546156,,,,,,,,,,
4.29,0.37018968200569924,4.29,0.36707723509761825,,,,,,,,,,
4.32,0.37202216263429855,4.32,0.36841720131552463,,,,,,,,,,
4.3500000000000005,0.37385245857546917,4.3500000000000005,0.3713866866146556,,,,,,,,,,
4.38,0.3756805966728919,4.38,0.3716637145123414,,,,,,,,,,
4.41,0.37750660330627683,4.41,0.37316136455051463,,,,,,,,,,
4.44,0.3793305044024791,4.44,0.37537377325066024,,,,,,,,,,
4.470000000000001,0.38115232544627475,4.470000000000001,0.3772606852473274,,,,,,,,,,
4.5,0.38297209149081,4.5,0.37865058555035985,,,,,,,,,,
4.53,0.38478982716773613,4.53,0.38059859694801557,,,,,,,,,,
4.5600000000000005,0.38660555669703967,4.5600000000000005,0.3853754879342918,,,,,,,,,,
4.59,0.3884193038965815,4.59,0.38944719739605904,,,,,,,,,,
4.62,0.39023109219135355,4.62,0.3952071441475299,,,,,,,,,,
4.65,0.39204094462246375,4.65,0.40647515660679456,,,,,,,,,,
4.680000000000001,0.3938488838558594,4.680000000000001,0.42218334671289215,,,,,,,,,,
4.71,0.39565493219079695,4.71,0.4210609133319398,,,,,,,,,,
4.74,0.3974591115680687,4.74,0.4095547030209289,,,,,,,,,,
4.7700000000000005,0.39926144357799387,4.7700000000000005,0.403991426239967,,,,,,,,,,
4.800000000000001,0.4010619494681823,4.800000000000001,0.4041342015134637,,,,,,,,,,
4.83,0.40286065015107864,4.83,0.40387580500294773,,,,,,,,,,
4.86,0.4046575662112958,4.86,0.4045338570690036,,,,,,,,,,
4.890000000000001,0.40645271791274173,4.890000000000001,0.4074893006159133,,,,,,,,,,
4.92,0.4082461252055508,4.92,0.4082680790963539,,,,,,,,,,
4.95,0.4100378077328227,4.95,0.40987368276989117,,,,,,,,,,
4.98,0.4118277848371768,4.98,0.4112577421100285,,,,,,,,,,
5.010000000000001,0.4136160755671283,5.010000000000001,0.41236351199230425,,,,,,,,,,
5.04,0.41540269868329205,5.04,0.4139009163825885,,,,,,,,,,
5.07,0.4171876726644189,5.07,0.41571432198980995,,,,,,,,,,
5.1000000000000005,0.41897101571327083,5.1000000000000005,0.41697188669537966,,,,,,,,,,
5.13,0.42075274576233934,5.13,0.4186587389991705,,,,,,,,,,
5.16,0.4225328804794139,5.16,0.4230072998456479,,,,,,,,,,
5.19,0.42431143727300225,5.19,0.42722152025342364,,,,,,,,,,
5.220000000000001,0.4260884332976107,5.220000000000001,0.4332024849602399,,,,,,,,,,
5.25,0.4278638854588862,5.25,0.44240386734039544,,,,,,,,,,
5.28,0.42963781041862625,5.28,0.4483495450680953,,,,,,,,,,
5.3100000000000005,0.43141022459965883,5.3100000000000005,0.4431041336760127,,,,,,,,,,
5.340000000000001,0.4331811441905997,5.340000000000001,0.43815947230604835,,,,,,,,,,
5.37,0.434950585150487,5.37,0.43543381109760626,,,,,,,,,,
5.4,0.43671856321329994,5.4,0.4356778363159931,,,,,,,,,,
5.430000000000001,0.4384850938923634,5.430000000000001,0.4369947796252543,,,,,,,,,,
5.46,0.44025019248464226,5.46,0.43835676020744324,,,,,,,,,,
5.49,0.4420138740749305,5.49,0.43830283846283347,,,,,,,,,,
5.5200000000000005,0.4437761535399345,5.5200000000000005,0.44093630210136325,,,,,,,,,,
5.550000000000001,0.44553704555225826,5.550000000000001,0.44168963451228926,,,,,,,,,,
5.58,0.44729656458428957,5.58,0.44115751494364774,,,,,,,,,,
5.61,0.44905472491199283,5.61,0.4440974330482884,,,,,,,,,,
5.640000000000001,0.45081154061860906,5.640000000000001,0.445871154897911,,,,,,,,,,
5.67,0.45256702559826806,5.67,0.4453782707494479,,,,,,,,,,
5.7,0.45432119355951345,5.7,0.4484195397266162,,,,,,,,,,
5.73,0.45607405802874396,5.73,0.4512006084642627,,,,,,,,,,
5.760000000000001,0.4578256323535731,5.760000000000001,0.45547835907267953,,,,,,,,,,
5.79,0.4595759297061103,5.79,0.4601174878643849,,,,,,,,,,
5.82,0.4613249630861642,5.82,0.4644100472425078,,,,,,,,,,
5.8500000000000005,0.46307274532437254,5.8500000000000005,0.4703893289472184,,,,,,,,,,
5.880000000000001,0.46481928908525794,5.880000000000001,0.47308652752180347,,,,,,,,,,
5.91,0.4665646068702146,5.91,0.46952621533212646,,,,,,,,,,
5.94,0.4683087110204257,5.94,0.46818789208126876,,,,,,,,,,
5.970000000000001,0.47005161371971416,5.970000000000001,0.46912135981253555,,,,,,,,,,
6,0.4717933269973288,6,0.4708396895901165,,,,,,,,,,
6.03,0.4735338627306676,6.03,0.47042744519117374,,,,,,,,,,
6.0600000000000005,0.4752732326479396,6.0600000000000005,0.4730335903501615,,,,,,,,,,
6.090000000000001,0.4770114483307668,6.090000000000001,0.47480856016988165,,,,,,,,,,
6.12,0.4787485212167289,6.12,0.47330448949110354,,,,,,,,,,
6.15,0.48048446260185107,6.15,0.47605508207026076,,,,,,,,,,
6.180000000000001,0.48221928364303684,6.180000000000001,0.47787281324056635,,,,,,,,,,
6.21,0.48395299536044767,6.21,0.47711238777402365,,,,,,,,,,
6.24,0.48568560863983107,6.24,0.479268703031115,,,,,,,,,,
6.2700000000000005,0.4874171342347968,6.2700000000000005,0.481055583196791,,,,,,,,,,
6.300000000000001,0.48914758276904546,6.300000000000001,0.4840673674749296,,,,,,,,,,
6.33,0.49087696473854736,6.33,0.4886169025671016,,,,,,,,,,
6.36,0.49260529051367663,6.36,0.4930212876556774,,,,,,,,,,
6.390000000000001,0.49433257034129763,6.390000000000001,0.49813889050101556,,,,,,,,,,
6.420000000000001,0.4960588143468092,6.420000000000001,0.5045245668757413,,,,,,,,,,
6.45,0.4977840325361439,6.45,0.5115756335491591,,,,,,,,,,
6.48,0.4995082347977266,6.48,0.5115785140011104,,,,,,,,,,
6.510000000000001,0.501231430904391,6.510000000000001,0.507257162035415,,,,,,,,,,
6.54,0.5029536305152567,6.54,0.5043990617975204,,,,,,,,,,
6.57,0.5046748431775678,6.57,0.5047418413136868,,,,,,,,,,
6.6000000000000005,0.5063950783284924,6.6000000000000005,0.5064057374382694,,,,,,,,,,
6.630000000000001,0.5081143452968859,6.630000000000001,0.507836144147647,,,,,,,,,,
6.66,0.5098326533050183,6.66,0.5063473202425383,,,,,,,,,,
6.69,0.5115500114702657,6.69,0.5082300517150036,,,,,,,,,,
6.720000000000001,0.5132664288067679,6.720000000000001,0.508592248664428,,,,,,,,,,
6.75,0.5149819142270529,6.75,0.5086116248769923,,,,,,,,,,
6.78,0.5166964765436278,6.78,0.5103504371281719,,,,,,,,,,
6.8100000000000005,0.5184101244705385,6.8100000000000005,0.5118700819135769,,,,,,,,,,
6.840000000000001,0.5201228666248983,6.840000000000001,0.5120891944803386,,,,,,,,,,
6.87,0.5218347115283863,6.87,0.5168582470815027,,,,,,,,,,
6.9,0.5235456676087156,6.9,0.5210212697352036,,,,,,,,,,
6.930000000000001,0.5252557432010729,6.930000000000001,0.5251303273926174,,,,,,,,,,
6.960000000000001,0.5269649465495311,6.960000000000001,0.5326712030833706,,,,,,,,,,
6.99,0.5286732858084315,6.99,0.5416200294500201,,,,,,,,,,
7.0200000000000005,0.5303807690437429,7.0200000000000005,0.5536585790986109,,,,,,,,,,
7.050000000000001,0.5320874042343908,7.050000000000001,0.5630436799418367,,,,,,,,,,
7.08,0.5337931992735643,7.08,0.5577197561935598,,,,,,,,,,
7.11,0.5354981619699946,7.11,0.5494410020179044,,,,,,,,,,
7.140000000000001,0.5372023000492125,7.140000000000001,0.5446581186246524,,,,,,,,,,
7.170000000000001,0.5389056211547797,7.170000000000001,0.5432245308293199,,,,,,,,,,
7.2,0.5406081328494967,7.2,0.5438263556283792,,,,,,,,,,
7.23,0.5423098426165904,7.23,0.5433814666228156,,,,,,,,,,
7.260000000000001,0.5440107578608759,7.260000000000001,0.544737454582203,,,,,,,,,,
7.29,0.5457108859099,7.29,0.5423036246761332,,,,,,,,,,
7.32,0.5474102340150605,7.32,0.5451079633996858,,,,,,,,,,
7.3500000000000005,0.5491088093527067,7.3500000000000005,0.5446949474734825,,,,,,,,,,
7.380000000000001,0.5508066190252191,7.380000000000001,0.5443481824245142,,,,,,,,,,
7.41,0.5525036700620687,7.41,0.5474628444552643,,,,,,,,,,
7.44,0.5541999694208575,7.44,0.5482167216258946,,,,,,,,,,
7.470000000000001,0.5558955239883396,7.470000000000001,0.5500112986085881,,,,,,,,,,
7.500000000000001,0.5575903405814246,7.500000000000001,0.553871736028704,,,,,,,,,,
7.53,0.5592844259481609,7.53,0.5564260553592993,,,,,,,,,,
7.5600000000000005,0.5609777867687045,7.5600000000000005,0.5581219036606989,,,,,,,,,,
7.590000000000001,0.5626704296562663,7.590000000000001,0.5625448424310227,,,,,,,,,,
7.62,0.5643623611580468,7.62,0.5650766887096865,,,,,,,,,,
7.65,0.5660535877561507,7.65,0.5663041153602979,,,,,,,,,,
7.680000000000001,0.5677441158684866,7.680000000000001,0.5675374180900161,,,,,,,,,,
7.710000000000001,0.5694339518496515,7.710000000000001,0.5675902737450238,,,,,,,,,,
7.74,0.5711231019917984,7.74,0.5684486023040002,,,,,,,,,,
7.7700000000000005,0.5728115725254901,7.7700000000000005,0.5704686508997208,,,,,,,,,,
7.800000000000001,0.5744993696205358,7.800000000000001,0.5718561996635162,,,,,,,,,,
7.83,0.5761864993868167,7.83,0.574543474915522,,,,,,,,,,
7.86,0.5778729678750935,7.86,0.5720586922126049,,,,,,,,,,
7.890000000000001,0.5795587810778027,7.890000000000001,0.576085974753941,,,,,,,,,,
7.920000000000001,0.5812439449298379,7.920000000000001,0.5734499538429487,,,,,,,,,,
7.95,0.5829284653093179,7.95,0.5734957202875889,,,,,,,,,,
7.98,0.5846123480383417,7.98,0.5773369457509057,,,,,,,,,,
8.01,0.5862955988837315,8.01,0.5738187910456425,,,,,,,,,,
8.04,0.5879782235577616,8.04,0.5806996775234033,,,,,,,,,,
8.07,0.5896602277188763,8.07,0.5818942861277253,,,,,,,,,,
8.1,0.5913416169723944,8.1,0.5844850861200401,,,,,,,,,,
8.13,0.5930223968712036,8.13,0.5890953256369446,,,,,,,,,,
8.16,0.5947025729164424,8.16,0.5905626609437198,,,,,,,,,,
8.19,0.5963821505581697,8.19,0.5931479172390508,,,,,,,,,,
8.22,0.5980611351960257,8.22,0.5950811880849323,,,,,,,,,,
8.25,0.5997395321798789,8.25,0.5974004989978854,,,,,,,,,,
8.28,0.6014173468104649,8.28,0.5976384412955427,,,,,,,,,,
8.310000000000002,0.6030945843400147,8.310000000000002,0.5999719887040127,,,,,,,,,,
8.34,0.6047712499728697,8.34,0.6032085041727472,,,,,,,,,,
8.37,0.6064473488660906,8.37,0.6020429763107245,,,,,,,,,,
8.4,0.6081228861300549,8.4,0.6043883078622337,,,,,,,,,,
8.43,0.6097978668290429,8.43,0.6064542032135878,,,,,,,,,,
8.46,0.6114722959818175,8.46,0.6030470260197492,,,,,,,,,,
8.49,0.6131461785621922,8.49,0.6057855405560878,,,,,,,,,,
8.520000000000001,0.6148195194995916,8.520000000000001,0.6052779283745698,,,,,,,,,,
8.55,0.6164923236796015,8.55,0.6032170902762725,,,,,,,,,,
8.58,0.6181645959445123,8.58,0.6104768137748651,,,,,,,,,,
8.610000000000001,0.6198363410938514,8.610000000000001,0.6111528272272657,,,,,,,,,,
8.64,0.6215075638849088,8.64,0.6124818040893913,,,,,,,,,,
8.67,0.6231782690332544,8.67,0.6213099486064843,,,,,,,,,,
8.700000000000001,0.6248484612132461,8.700000000000001,0.6235170495722785,,,,,,,,,,
8.73,0.6265181450585315,8.73,0.6270268081190566,,,,,,,,,,
8.76,0.6281873251625407,8.76,0.6348382695279736,,,,,,,,,,
8.790000000000001,0.6298560060789713,8.790000000000001,0.6411657909843363,,,,,,,,,,
8.82,0.6315241923222674,8.82,0.6439424992705427,,,,,,,,,,
8.850000000000001,0.6331918883680894,8.850000000000001,0.6430873159832594,,,,,,,,,,
8.88,0.6348590986537773,8.88,0.6418971695676413,,,,,,,,,,
8.91,0.6365258275788079,8.91,0.6387716266336454,,,,,,,,,,
8.940000000000001,0.6381920795052439,8.940000000000001,0.6390867130245191,,,,,,,,,,
8.97,0.6398578587581754,8.97,0.6411155735630054,,,,,,,,,,
9,0.6415231696261572,9,0.6375484340704523,,,,,,,,,,
9.030000000000001,0.6431880163616372,9.030000000000001,0.6385990366771157,,,,,,,,,,
9.06,0.6448524031813799,9.06,0.6380638600332852,,,,,,,,,,
9.09,0.646516334266882,9.09,0.6360607822395239,,,,,,,,,,
9.120000000000001,0.6481798137647836,9.120000000000001,0.639705343036214,,,,,,,,,,
9.15,0.6498428457872718,9.15,0.638570875710634,,,,,,,,,,
9.18,0.6515054344124791,9.18,0.6412776439112676,,,,,,,,,,
9.21,0.6531675836848756,9.21,0.6457030320144721,,,,,,,,,,
9.24,0.6548292976156556,9.24,0.6475452302591415,,,,,,,,,,
9.270000000000001,0.6564905801831182,9.270000000000001,0.6514109713167773,,,,,,,,,,
9.3,0.6581514353330431,9.3,0.6563207989154696,,,,,,,,,,
9.33,0.65981186697906,9.33,0.6595194209504819,,,,,,,,,,
9.360000000000001,0.6614718790030127,9.360000000000001,0.6643378596597107,,,,,,,,,,
9.39,0.6631314752553188,9.39,0.6698501739433048,,,,,,,,,,
9.42,0.6647906595553235,9.42,0.671988860670948,,,,,,,,,,
9.450000000000001,0.6664494356916482,9.450000000000001,0.6707019658147463,,,,,,,,,,
9.48,0.6681078074225342,9.48,0.6702526395379412,,,,,,,,,,
9.51,0.6697657784761822,9.51,0.6720008346778586,,,,,,,,,,
9.540000000000001,0.671423352551086,9.540000000000001,0.6671283422112685,,,,,,,,,,
9.57,0.6730805333163614,9.57,0.6698264259503012,,,,,,,,,,
9.600000000000001,0.6747373244120718,9.600000000000001,0.6703151244934027,,,,,,,,,,
9.63,0.6763937294495469,9.63,0.6664458291064068,,,,,,,,,,
9.66,0.6780497520116999,9.66,0.6699990674038048,,,,,,,,,,
9.690000000000001,0.6797053956533374,9.690000000000001,0.6688156466505258,,,,,,,,,,
9.72,0.681360663901466,9.72,0.6672457884932942,,,,,,,,,,
9.75,0.6830155602555956,9.75,0.6722269989008903,,,,,,,,,,
9.780000000000001,0.6846700881880379,9.780000000000001,0.673957007108693,,,,,,,,,,
9.81,0.6863242511441987,9.81,0.674904668744064,,,,,,,,,,
9.84,0.68797805254287,9.84,0.6809616660739024,,,,,,,,,,
9.870000000000001,0.6896314957765148,9.870000000000001,0.6841500822691017,,,,,,,,,,
9.9,0.6912845842115496,9.9,0.6872336385279365,,,,,,,,,,
9.930000000000001,0.6929373211886228,9.930000000000001,0.6935788906053603,,,,,,,,,,
9.96,0.6945897100228888,9.96,0.6995883755778989,,,,,,,,,,
9.99,0.6962417540042789,9.99,0.7037646568163449,,,,,,,,,,
10.020000000000001,0.6978934563977683,10.020000000000001,0.705175231209089,,,,,,,,,,
10.05,0.6995448204436394,10.05,0.7059352059764593,,,,,,,,,,
10.08,0.7011958493577419,10.08,0.7029811826878031,,,,,,,,,,
10.110000000000001,0.7028465463317488,10.110000000000001,0.703377576328406,,,,,,,,,,
10.14,0.7044969145334093,10.14,0.7082264725779467,,,,,,,,,,
10.17,0.7061469571067989,10.17,0.703482094286901,,,,,,,,,,
10.200000000000001,0.7077966771725649,10.200000000000001,0.7072979968546638,,,,,,,,,,
10.23,0.7094460778281696,10.23,0.7110403670241184,,,,,,,,,,
10.26,0.71109516214813,10.26,0.7046713222638652,,,,,,,,,,
10.290000000000001,0.7127439331842544,10.290000000000001,0.707981962184248,,,,,,,,,,
10.32,0.7143923939658755,10.32,0.7097988402366284,,,,,,,,,,
10.350000000000001,0.7160405475000811,10.350000000000001,0.7068547020556436,,,,,,,,,,
10.38,0.717688396771941,10.38,0.7107124300877752,,,,,,,,,,
10.41,0.7193359447447316,10.41,0.7130489813808789,,,,,,,,,,
10.440000000000001,0.7209831943601579,10.440000000000001,0.7126270436847332,,,,,,,,,,
10.47,0.7226301485385702,10.47,0.7161649456619332,,,,,,,,,,
10.5,0.7242768101791821,10.5,0.7191117044973081,,,,,,,,,,
10.530000000000001,0.7259231821602817,10.530000000000001,0.7205648989583197,,,,,,,,,,
10.56,0.7275692673394425,10.56,0.7231037466307658,,,,,,,,,,
10.59,0.7292150685537309,10.59,0.725161312357493,,,,,,,,,,
10.620000000000001,0.7308605886199105,10.620000000000001,0.7269281274271113,,,,,,,,,,
10.65,0.732505830334645,10.65,0.7279987871515995,,,,,,,,,,
10.680000000000001,0.7341507964746974,10.680000000000001,0.7319982874228289,,,,,,,,,,
10.71,0.7357954897971266,10.71,0.730519991650563,,,,,,,,,,
10.74,0.7374399130394833,10.74,0.7325756003744779,,,,,,,,,,
10.770000000000001,0.7390840689200004,10.770000000000001,0.735995320580308,,,,,,,,,,
10.8,0.7407279601377845,10.8,0.731505811972327,,,,,,,,,,
10.83,0.7423715893730016,10.83,0.7350470878471878,,,,,,,,,,
10.860000000000001,0.7440149592870631,10.860000000000001,0.7364514452800996,,,,,,,,,,
10.89,0.7456580725228078,10.89,0.7337939351856235,,,,,,,,,,
10.92,0.7473009317046833,10.92,0.7388414127620199,,,,,,,,,,
10.950000000000001,0.7489435394389224,10.950000000000001,0.7429513874515603,,,,,,,,,,
10.98,0.750585898313721,10.98,0.7443155014269487,,,,,,,,,,
11.010000000000002,0.7522280108994104,11.010000000000002,0.7524170662213595,,,,,,,,,,
11.040000000000001,0.7538698797486294,11.040000000000001,0.7571385115126172,,,,,,,,,,
11.07,0.755511507396494,11.07,0.7645366975464546,,,,,,,,,,
11.100000000000001,0.7571528963607643,11.100000000000001,0.776710223387763,,,,,,,,,,
11.13,0.7587940491420104,11.13,0.7878592741088397,,,,,,,,,,
11.16,0.7604349682237757,11.16,0.8010176465851473,,,,,,,,,,
11.190000000000001,0.7620756560727378,11.190000000000001,0.8074550021024829,,,,,,,,,,
11.22,0.7637161151388683,11.22,0.8029676556998122,,,,,,,,,,
11.25,0.7653563478555903,11.25,0.7955263094723993,,,,,,,,,,
11.280000000000001,0.7669963566399337,11.280000000000001,0.7929792005332685,,,,,,,,,,
11.31,0.7686361438926893,11.31,0.7916915756384246,,,,,,,,,,
11.34,0.7702757119985602,11.34,0.7887272787544751,,,,,,,,,,
11.370000000000001,0.7719150633263123,11.370000000000001,0.7921113584332315,,,,,,,,,,
11.4,0.7735542002289223,11.4,0.7941809231400578,,,,,,,,,,
11.430000000000001,0.7751931250437242,11.430000000000001,0.7930974141190922,,,,,,,,,,
11.46,0.7768318400925538,11.46,0.7986036469880495,,,,,,,,,,
11.49,0.7784703476818926,11.49,0.8020024330054702,,,,,,,,,,
11.520000000000001,0.7801086501030083,11.520000000000001,0.8025750901956481,,,,,,,,,,
11.55,0.7817467496320945,11.55,0.8114893218246475,,,,,,,,,,
11.58,0.7833846485304092,11.58,0.8188760156665997,,,,,,,,,,
11.610000000000001,0.785022349044411,11.610000000000001,0.8183390307395169,,,,,,,,,,
11.64,0.786659853405894,11.64,0.8251032469444526,,,,,,,,,,
11.67,0.7882971638321206,11.67,0.8325127984934702,,,,,,,,,,
11.700000000000001,0.7899342825259541,11.700000000000001,0.834432074911201,,,,,,,,,,
11.73,0.7915712116759881,11.73,0.8371693005382262,,,,,,,,,,
11.760000000000002,0.7932079534566753,11.760000000000002,0.8410585092623508,,,,,,,,,,
11.790000000000001,0.7948445100284547,11.790000000000001,0.8382025519227699,,,,,,,,,,
11.82,0.7964808835378778,11.82,0.8336549905592878,,,,,,,,,,
11.850000000000001,0.7981170761177325,11.850000000000001,0.8285638450892792,,,,,,,,,,
11.88,0.7997530898871654,11.88,0.8208487268680944,,,,,,,,,,
11.91,0.8013889269518043,11.91,0.8173531475758095,,,,,,,,,,
11.940000000000001,0.8030245894038776,11.940000000000001,0.8137887951266769,,,,,,,,,,
11.97,0.8046600793223329,11.97,0.8093407172277558,,,,,,,,,,
12,0.8062953987729549,12,0.810149834722228,,,,,,,,,,
12.030000000000001,0.807930549808481,12.030000000000001,0.8085657079532969,,,,,,,,,,
12.06,0.8095655344687164,12.06,0.8083762329331275,,,,,,,,,,
12.090000000000002,0.8112003547806467,12.090000000000002,0.8110492705846764,,,,,,,,,,
12.120000000000001,0.812835012758551,12.120000000000001,0.8113541114085286,,,,,,,,,,
12.15,0.8144695104041122,12.15,0.8132338769537887,,,,,,,,,,
12.180000000000001,0.8161038497065274,12.180000000000001,0.8167158119000739,,,,,,,,,,
12.21,0.8177380326426147,12.21,0.8167947795296762,,,,,,,,,,
12.24,0.8193720611769224,12.24,0.8174151777824914,,,,,,,,,,
12.270000000000001,0.8210059372618341,12.270000000000001,0.8207906834060269,,,,,,,,,,
12.3,0.8226396628376731,12.3,0.820571809607571,,,,,,,,,,
12.33,0.8242732398328072,12.33,0.8220977861255678,,,,,,,,,,
12.360000000000001,0.8259066701637503,12.360000000000001,0.824752917738708,,,,,,,,,,
12.39,0.8275399557352641,12.39,0.8257510009942328,,,,,,,,,,
12.42,0.8291730984404588,12.42,0.8242656789838734,,,,,,,,,,
12.450000000000001,0.8308061001608926,12.450000000000001,0.8260938678327825,,,,,,,,,,
12.48,0.832438962766668,12.48,0.8275792851749848,,,,,,,,,,
12.510000000000002,0.8340716881165315,12.510000000000002,0.8261355111675783,,,,,,,,,,
12.540000000000001,0.8357042780579675,12.540000000000001,0.8275182428255805,,,,,,,,,,
12.57,0.8373367344272946,12.57,0.8284981562393241,,,,,,,,,,
12.600000000000001,0.8389690590497587,12.600000000000001,0.8277640643000289,,,,,,,,,,
12.63,0.8406012537396268,12.63,0.8299423255342374,,,,,,,,,,
12.66,0.8422333203002779,12.66,0.8311551161785268,,,,,,,,,,
12.690000000000001,0.8438652605242953,12.690000000000001,0.8313650746756626,,,,,,,,,,
12.72,0.845497076193555,12.72,0.8355375016512345,,,,,,,,,,
12.75,0.8471287690793161,12.75,0.8377260576681526,,,,,,,,,,
12.780000000000001,0.8487603409423083,12.780000000000001,0.8385195783858801,,,,,,,,,,
12.81,0.8503917935328189,12.81,0.8417292840605354,,,,,,,,,,
12.840000000000002,0.8520231285907793,12.840000000000002,0.8431247990394499,,,,,,,,,,
12.870000000000001,0.8536543478458505,12.870000000000001,0.8453995273483761,,,,,,,,,,
12.9,0.8552854530175067,12.9,0.8492624803947614,,,,,,,,,,
12.930000000000001,0.8569164458151202,12.930000000000001,0.8518827286214181,,,,,,,,,,
12.96,0.858547327938042,12.96,0.8546726902430148,,,,,,,,,,
12.99,0.8601781010756857,12.99,0.8580084850271381,,,,,,,,,,
13.020000000000001,0.8618087669076078,13.020000000000001,0.858875607489874,,,,,,,,,,
13.05,0.8634393271035864,13.05,0.8597244292775411,,,,,,,,,,
13.08,0.8650697833237024,13.08,0.8625907312928873,,,,,,,,,,
13.110000000000001,0.8667001372184172,13.110000000000001,0.8638688750689324,,,,,,,,,,
13.14,0.8683303904286492,13.14,0.8623616880585047,,,,,,,,,,
13.170000000000002,0.8699605445858529,13.170000000000002,0.8646783275859058,,,,,,,,,,
13.200000000000001,0.8715906013120924,13.200000000000001,0.8665219249499856,,,,,,,,,,
13.23,0.8732205622201188,13.23,0.8619005868241804,,,,,,,,,,
13.260000000000002,0.8748504289134433,13.260000000000002,0.8645595540025717,,,,,,,,,,
13.290000000000001,0.8764802029864116,13.290000000000001,0.8684025457455782,,,,,,,,,,
13.32,0.8781098860242761,13.32,0.8646697686147394,,,,,,,,,,
13.350000000000001,0.8797394796032691,13.350000000000001,0.8664962466768766,,,,,,,,,,
13.38,0.8813689852906738,13.38,0.8675094768402006,,,,,,,,,,
13.41,0.8829984046448944,13.41,0.8669578237490473,,,,,,,,,,
13.440000000000001,0.8846277392155275,13.440000000000001,0.8689097306212827,,,,,,,,,,
13.47,0.8862569905434302,13.47,0.8713577555984127,,,,,,,,,,
13.5,0.8878861601607895,13.5,0.8736197749924376,,,,,,,,,,
13.530000000000001,0.8895152495911895,13.530000000000001,0.8774507587529194,,,,,,,,,,
13.56,0.89114426034968,13.56,0.8821539513133365,,,,,,,,,,
13.590000000000002,0.8927731939428409,13.590000000000002,0.8842358741465176,,,,,,,,,,
13.620000000000001,0.8944020518688505,13.620000000000001,0.8880840400054384,,,,,,,,,,
13.65,0.896030835617549,13.65,0.8929332403279469,,,,,,,,,,
13.680000000000001,0.8976595466705043,13.680000000000001,0.893891497468927,,,,,,,,,,
13.71,0.8992881865010749,13.71,0.8968810360157693,,,,,,,,,,
13.74,0.9009167565744738,13.74,0.9013261646981239,,,,,,,,,,
13.770000000000001,0.902545258347832,13.770000000000001,0.8997596211930874,,,,,,,,,,
13.8,0.9041736932702583,13.8,0.8999100442785222,,,,,,,,,,
13.83,0.9058020627829038,13.83,0.9029699324322291,,,,,,,,,,
13.860000000000001,0.9074303683190201,13.860000000000001,0.8998002241647537,,,,,,,,,,
13.89,0.9090586113040214,13.89,0.8984588985528792,,,,,,,,,,
13.920000000000002,0.9106867931555432,13.920000000000002,0.8993866003521648,,,,,,,,,,
13.950000000000001,0.9123149152835015,13.950000000000001,0.8976282647835674,,,,,,,,,,
13.98,0.9139429790901519,13.98,0.8977837160092491,,,,,,,,,,
14.010000000000002,0.9155709859701472,14.010000000000002,0.8979937511723449,,,,,,,,,,
14.040000000000001,0.9171989373105944,14.040000000000001,0.8990109113951925,,,,,,,,,,
14.07,0.9188268344911125,14.07,0.9025066421966692,,,,,,,,,,
14.100000000000001,0.9204546788838878,14.100000000000001,0.9064865797792774,,,,,,,,,,
14.13,0.9220824718537305,14.13,0.9107195053601249,,,,,,,,,,
14.16,0.9237102147581293,14.16,0.9160091629853433,,,,,,,,,,
14.190000000000001,0.9253379089473064,14.190000000000001,0.9211077706463102,,,,,,,,,,
14.22,0.9269655557642715,14.22,0.9244275908623925,,,,,,,,,,
14.25,0.9285931565448758,14.25,0.929521981914202,,,,,,,,,,
14.280000000000001,0.9302207126178647,14.280000000000001,0.9344011488636002,,,,,,,,,,
14.31,0.9318482253049305,14.31,0.9365392679497472,,,,,,,,,,
14.340000000000002,0.9334756959207653,14.340000000000002,0.938483080183288,,,,,,,,,,
14.370000000000001,0.935103125773111,14.370000000000001,0.9398508866185427,,,,,,,,,,
14.4,0.9367305161628123,14.4,0.939823976953696,,,,,,,,,,
14.430000000000001,0.9383578683838665,14.430000000000001,0.9399007926558112,,,,,,,,,,
14.46,0.939985183723473,14.46,0.9367702298561159,,,,,,,,,,
14.49,0.9416124634620844,14.49,0.9343207550997858,,,,,,,,,,
14.520000000000001,0.9432397088734552,14.520000000000001,0.9320087975147262,,,,,,,,,,
14.55,0.9448669212246902,14.55,0.9274917935472224,,,,,,,,,,
14.58,0.9464941017762931,14.58,0.9247218686586314,,,,,,,,,,
14.610000000000001,0.9481212517822148,14.610000000000001,0.9238807112551346,,,,,,,,,,
14.64,0.9497483724899003,14.64,0.9231422150665312,,,,,,,,,,
14.670000000000002,0.9513754651403357,14.670000000000002,0.9252988539359519,,,,,,,,,,
14.700000000000001,0.9530025309680954,14.700000000000001,0.9309535967514652,,,,,,,,,,
14.73,0.9546295712013876,14.73,0.9367305424246437,,,,,,,,,,
14.760000000000002,0.9562565870621003,14.760000000000002,0.9409533435145112,,,,,,,,,,
14.790000000000001,0.9578835797658463,14.790000000000001,0.9473136862732849,,,,,,,,,,
14.82,0.9595105505220087,14.82,0.9548101056037828,,,,,,,,,,
14.850000000000001,0.9611375005337847,14.850000000000001,0.9616157315158158,,,,,,,,,,
14.88,0.96276443099823,14.88,0.9682992901658627,,,,,,,,,,
14.91,0.9643913431063027,14.91,0.9728270775024981,,,,,,,,,,
14.940000000000001,0.9660182380429059,14.940000000000001,0.9769264557062524,,,,,,,,,,
14.97,0.9676451169869309,14.97,0.9810702944778257,,,,,,,,,,
15.000000000000002,0.9692719811113004,15.000000000000002,0.9818653243292539,,,,,,,,,,
15.030000000000001,0.9708988315830088,15.030000000000001,0.9807668413138078,,,,,,,,,,
15.06,0.9725256695631661,15.06,0.9792728959749599,,,,,,,,,,
15.090000000000002,0.9741524962070378,15.090000000000002,0.9762525727628679,,,,,,,,,,
15.120000000000001,0.9757793126640861,15.120000000000001,0.9719473381417867,,,,,,,,,,
15.15,0.9774061200780106,15.15,0.9668755446937876,,,,,,,,,,
15.180000000000001,0.9790329195867891,15.180000000000001,0.9633626310979775,,,,,,,,,,
15.21,0.9806597123227163,15.21,0.9605274258732793,,,,,,,,,,
15.24,0.9822864994124444,15.24,0.9600570982182786,,,,,,,,,,
15.270000000000001,0.983913281977022,15.270000000000001,0.962914553422068,,,,,,,,,,
15.3,0.985540061131932,15.3,0.9675350082610967,,,,,,,,,,
15.33,0.987166837987132,15.33,0.9726592237912124,,,,,,,,,,
15.360000000000001,0.9887936136470905,15.360000000000001,0.9784403215540649,,,,,,,,,,
15.39,0.9904203892108253,15.39,0.9844118022792866,,,,,,,,,,
15.420000000000002,0.9920471657719421,15.420000000000002,0.9915860281774138,,,,,,,,,,
15.450000000000001,0.9936739444186695,15.450000000000001,0.9975358829160152,,,,,,,,,,
15.48,0.995300726233898,15.48,1.002427880931676,,,,,,,,,,
15.510000000000002,0.9969275122952151,15.510000000000002,1.0076790279191514,,,,,,,,,,
15.540000000000001,0.9985543036749416,15.540000000000001,1.011035333530034,,,,,,,,,,
15.57,1.0001811014401683,15.57,1.0105318200461901,,,,,,,,,,
15.600000000000001,1.00180790665279,15.600000000000001,1.0091094813993693,,,,,,,,,,
15.63,1.0034347203695428,15.63,1.008216795818039,,,,,,,,,,
15.66,1.0050615436420371,15.66,1.0026136284034481,,,,,,,,,,
15.690000000000001,1.0066883775167932,15.690000000000001,0.9968847690587014,,,,,,,,,,
15.72,1.0083152230352757,15.72,0.9929331264251081,,,,,,,,,,
15.750000000000002,1.0099420812339266,15.750000000000002,0.9872484465018692,,,,,,,,,,
15.780000000000001,1.0115689531442005,15.780000000000001,0.9845806198726199,,,,,,,,,,
15.81,1.0131958397925964,15.81,0.9845956136423748,,,,,,,,,,
15.840000000000002,1.0148227422006926,15.840000000000002,0.9860690481950909,,,,,,,,,,
15.870000000000001,1.016449661385178,15.870000000000001,0.991566902302505,,,,,,,,,,
15.9,1.018076598357885,15.9,0.9984819038154435,,,,,,,,,,
15.930000000000001,1.0197035541258233,15.930000000000001,1.0064004102133832,,,,,,,,,,
15.96,1.0213305296912099,15.96,1.0147592733565756,,,,,,,,,,
15.99,1.0229575260515016,15.99,1.0233921356003517,,,,,,,,,,
16.02,1.0245845441994272,16.02,1.0308073712963681,,,,,,,,,,
16.05,1.0262115851230182,16.05,1.0391453150264824,,,,,,,,,,
16.08,1.027838649805639,16.08,1.0454772916934865,,,,,,,,,,
16.11,1.0294657392260191,16.11,1.047103757937983,,,,,,,,,,
16.14,1.0310928543582825,16.14,1.0488762025304084,,,,,,,,,,
16.17,1.0327199961719777,16.17,1.0486046484825016,,,,,,,,,,
16.2,1.0343471656321086,16.2,1.0427192465510722,,,,,,,,,,
16.23,1.0359743636991634,16.23,1.0357070225913934,,,,,,,,,,
16.26,1.0376015913291448,16.26,1.0291907980644472,,,,,,,,,,
16.290000000000003,1.0392288494735977,16.290000000000003,1.0201710997934514,,,,,,,,,,
16.32,1.0408561390796396,16.32,1.012347942091596,,,,,,,,,,
16.35,1.0424834610899896,16.35,1.0075443742633825,,,,,,,,,,
16.38,1.0441108164429944,16.38,1.005474040848476,,,,,,,,,,
16.41,1.0457382060726603,16.41,1.0070090995243466,,,,,,,,,,
16.44,1.0473656309086772,16.44,1.0125014244883292,,,,,,,,,,
16.47,1.0489930918764487,16.47,1.021956818518172,,,,,,,,,,
16.5,1.0506205898971208,16.5,1.0346376844866954,,,,,,,,,,
16.530000000000005,1.0522481258876057,16.530000000000005,1.0474686850830253,,,,,,,,,,
16.56,1.0538757007606105,16.56,1.0578612375846335,,,,,,,,,,
16.59,1.0555033154246667,16.59,1.0690929766249726,,,,,,,,,,
16.620000000000005,1.0571309707841527,16.620000000000005,1.0801219396240904,,,,,,,,,,
16.65,1.0587586677393217,16.65,1.0868076859587479,,,,,,,,,,
16.68,1.0603864071863298,16.68,1.091302107004655,,,,,,,,,,
16.71,1.0620141900172595,16.71,1.093082879023262,,,,,,,,,,
16.74,1.063642017120146,16.74,1.0888596373395252,,,,,,,,,,
16.77,1.065269889379004,16.77,1.083719876829852,,,,,,,,,,
16.8,1.0668978076738518,16.8,1.0745527914620006,,,,,,,,,,
16.83,1.068525772880737,16.83,1.0613090379138472,,,,,,,,,,
16.86,1.0701537858717614,16.86,1.047830345098747,,,,,,,,,,
16.89,1.0717818475151057,16.89,1.0350115960218484,,,,,,,,,,
16.92,1.0734099586750543,16.92,1.0241747517816102,,,,,,,,,,
16.95,1.0750381202120187,16.95,1.0170004610034244,,,,,,,,,,
16.98,1.0766663329825636,16.98,1.0154393663315668,,,,,,,,,,
17.01,1.0782945978394292,17.01,1.02064204968239,,,,,,,,,,
17.040000000000003,1.0799229156315544,17.040000000000003,1.034562287230707,,,,,,,,,,
17.07,1.081551287204103,17.07,1.0522139556189696,,,,,,,,,,
17.1,1.0831797133984855,17.1,1.0701708915357802,,,,,,,,,,
17.13,1.084808195052381,17.13,1.0889764257621282,,,,,,,,,,
17.16,1.086436732999763,17.16,1.107196945083228,,,,,,,,,,
17.19,1.0880653280709205,17.19,1.1224347474189558,,,,,,,,,,
17.220000000000002,1.0896939810924806,17.220000000000002,1.1378838719555464,,,,,,,,,,
17.25,1.091322692887432,17.25,1.1497147086058404,,,,,,,,,,
17.28,1.0929514642751466,17.28,1.1547890444923548,,,,,,,,,,
17.310000000000002,1.094580296071402,17.310000000000002,1.159115304217656,,,,,,,,,,
17.34,1.0962091890884023,17.34,1.1562804119112648,,,,,,,,,,
17.37,1.0978381441348026,17.37,1.1474766263710192,,,,,,,,,,
17.400000000000002,1.0994671620157277,17.400000000000002,1.1333378541961714,,,,,,,,,,
17.43,1.1010962435327947,17.43,1.1166962306144186,,,,,,,,,,
17.46,1.1027253894841347,17.46,1.0993313681043368,,,,,,,,,,
17.490000000000002,1.104354600664414,17.490000000000002,1.078772054728505,,,,,,,,,,
17.52,1.1059838778648534,17.52,1.0580975692983239,,,,,,,,,,
17.55,1.1076132218732515,17.55,1.0449540134905417,,,,,,,,,,
17.580000000000002,1.1092426334740035,17.580000000000002,1.037403434540196,,,,,,,,,,
17.61,1.110872113448122,17.61,1.0363371569729647,,,,,,,,,,
17.64,1.1125016625732584,17.64,1.0430640627479346,,,,,,,,,,
17.67,1.1141312816237212,17.67,1.0588331184218627,,,,,,,,,,
17.700000000000003,1.1157609713704981,17.700000000000003,1.0744335935678389,,,,,,,,,,
17.73,1.1173907325812733,17.73,1.0928824443706642,,,,,,,,,,
17.76,1.1190205660204504,17.76,1.1132737509058286,,,,,,,,,,
17.790000000000003,1.120650472449169,17.790000000000003,1.1360278878620846,,,,,,,,,,
17.82,1.1222804526253258,17.82,1.1514835210620613,,,,,,,,,,
17.85,1.1239105073035938,17.85,1.1627185322871003,,,,,,,,,,
17.880000000000003,1.1255406372354404,17.880000000000003,1.1728195618040282,,,,,,,,,,
17.91,1.127170843169147,17.91,1.1778056225974516,,,,,,,,,,
17.94,1.1288011258498283,17.94,1.1721268131881522,,,,,,,,,,
17.970000000000002,1.1304314860194498,17.970000000000002,1.160873149338755,,,,,,,,,,
18,1.1320619244168473,18,1.1485168255323874,,,,,,,,,,
18.03,1.1336924417777459,18.03,1.1314093958719487,,,,,,,,,,
18.060000000000002,1.1353230388347755,18.060000000000002,1.1132721698865697,,,,,,,,,,
18.09,1.136953716317492,18.09,1.0961207445228653,,,,,,,,,,
18.12,1.1385844749523946,18.12,1.0847171596541387,,,,,,,,,,
18.150000000000002,1.1402153154629413,18.150000000000002,1.0800800587376003,,,,,,,,,,
18.18,1.1418462385695705,18.18,1.082019409222273,,,,,,,,,,
18.21,1.1434772449897148,18.21,1.0971174467702354,,,,,,,,,,
18.240000000000002,1.1451083354378213,18.240000000000002,1.1179483460229898,,,,,,,,,,
18.27,1.1467395106253673,18.27,1.140857761393754,,,,,,,,,,
18.3,1.1483707712608782,18.3,1.1663763917071945,,,,,,,,,,
18.330000000000002,1.150002118049944,18.330000000000002,1.1933915136030733,,,,,,,,,,
18.36,1.1516335516952367,18.36,1.2150419238012968,,,,,,,,,,
18.39,1.1532650728965277,18.39,1.232584768534428,,,,,,,,,,
18.42,1.1548966823507028,18.42,1.2493361905134455,,,,,,,,,,
18.450000000000003,1.1565283807517803,18.450000000000003,1.2587454779571652,,,,,,,,,,
18.48,1.1581601687909266,18.48,1.2600642603121108,,,,,,,,,,
18.51,1.1597920471564733,18.51,1.255251588557466,,,,,,,,,,
18.540000000000003,1.1614240165339327,18.540000000000003,1.2424649969827273,,,,,,,,,,
18.57,1.1630560776060137,18.57,1.2215660220428404,,,,,,,,,,
18.6,1.1646882310526392,18.6,1.1962794530297571,,,,,,,,,,
18.630000000000003,1.1663204775509601,18.630000000000003,1.168550215355403,,,,,,,,,,
18.66,1.167952817775372,18.66,1.137698573346273,,,,,,,,,,
18.69,1.169585252397531,18.69,1.1083451596554403,,,,,,,,,,
18.720000000000002,1.1712177820863687,18.720000000000002,1.0845965524067815,,,,,,,,,,
18.75,1.1728504075081079,18.75,1.0746504093457578,,,,,,,,,,
18.78,1.1744831293262776,18.78,1.0725757692685298,,,,,,,,,,
18.810000000000002,1.176115948201729,18.810000000000002,1.0815506254166782,,,,,,,,,,
18.84,1.1777488647926488,18.84,1.102831292214523,,,,,,,,,,
18.87,1.1793818797545768,18.87,1.1331052998448925,,,,,,,,,,
18.900000000000002,1.1810149937404177,18.900000000000002,1.166057189324758,,,,,,,,,,
18.93,1.1826482074004583,18.93,1.1970023144475173,,,,,,,,,,
18.96,1.1842815213823812,18.96,1.2281241373003047,,,,,,,,,,
18.990000000000002,1.185914936331279,18.990000000000002,1.2536076422234745,,,,,,,,,,
19.02,1.1875484528896691,19.02,1.2722879414333816,,,,,,,,,,
19.05,1.1891820716975086,19.05,1.286592425863904,,,,,,,,,,
19.080000000000002,1.1908157933922068,19.080000000000002,1.289786868940845,,,,,,,,,,
19.11,1.1924496186086415,19.11,1.285302567395348,,,,,,,,,,
19.14,1.194083547979172,19.14,1.2741647332058328,,,,,,,,,,
19.17,1.1957175821336516,19.17,1.2549821271815649,,,,,,,,,,
19.200000000000003,1.1973517216994445,19.200000000000003,1.2303789221062225,,,,,,,,,,
19.23,1.1989859673014365,19.23,1.203530846453825,,,,,,,,,,
19.26,1.2006203195620513,19.26,1.1762321046621291,,,,,,,,,,
19.290000000000003,1.2022547791012614,19.290000000000003,1.1550107564381997,,,,,,,,,,
19.32,1.2038893465366036,19.32,1.1409999299379234,,,,,,,,,,
19.35,1.2055240224831911,19.35,1.1400600990494765,,,,,,,,,,
19.380000000000003,1.2071588075537278,19.380000000000003,1.1516887192540484,,,,,,,,,,
19.41,1.2087937023585202,19.41,1.1761931134374526,,,,,,,,,,
19.44,1.2104287075054923,19.44,1.2099061912749698,,,,,,,,,,
19.470000000000002,1.2120638236001955,19.470000000000002,1.2468046315175079,,,,,,,,,,
19.5,1.213699051245825,19.5,1.2817236563399306,,,,,,,,,,
19.53,1.2153343910432306,19.53,1.3115618012884658,,,,,,,,,,
19.560000000000002,1.2169698435909297,19.560000000000002,1.3381588985239894,,,,,,,,,,
19.59,1.2186054094851198,19.59,1.3581333426142912,,,,,,,,,,
19.62,1.2202410893196913,19.62,1.3705847617715254,,,,,,,,,,
19.650000000000002,1.2218768836862404,19.650000000000002,1.3753232528114518,,,,,,,,,,
19.68,1.22351279317408,19.68,1.3704179880073966,,,,,,,,,,
19.71,1.2251488183702537,19.71,1.3544045067259154,,,,,,,,,,
19.740000000000002,1.226784959859547,19.740000000000002,1.3297139293823723,,,,,,,,,,
19.77,1.2284212182244993,19.77,1.2962662372422316,,,,,,,,,,
19.8,1.2300575940454164,19.8,1.2547141097683028,,,,,,,,,,
19.830000000000002,1.2316940879003824,19.830000000000002,1.207904967200647,,,,,,,,,,
19.860000000000003,1.2333307003652711,19.860000000000003,1.1624577274508887,,,,,,,,,,
19.89,1.2349674320137578,19.89,1.121588308903467,,,,,,,,,,
19.92,1.2366042834173325,19.92,1.0898360675788337,,,,,,,,,,
19.950000000000003,1.2382412551453088,19.950000000000003,1.0736546113141867,,,,,,,,,,
19.98,1.2398783477648374,19.98,1.0783976561616,,,,,,,,,,
20.01,1.2415155618409177,20.01,1.1006186112823626,,,,,,,,,,
20.040000000000003,1.2431528979364077,20.040000000000003,1.136861622071719,,,,,,,,,,
20.07,1.2447903566120364,20.07,1.18140635897619,,,,,,,,,,
20.1,1.2464279384264152,20.1,1.2313503131252281,,,,,,,,,,
20.130000000000003,1.248065643936048,20.130000000000003,1.2800223952167682,,,,,,,,,,
20.16,1.249703473695343,20.16,1.3216461155405244,,,,,,,,,,
20.19,1.251341428256624,20.19,1.356267861664616,,,,,,,,,,
20.220000000000002,1.2529795081701405,20.220000000000002,1.3795597618021038,,,,,,,,,,
20.25,1.254617713984079,20.25,1.393427832670566,,,,,,,,,,
20.28,1.256256046244574,20.28,1.3936205496693908,,,,,,,,,,
20.310000000000002,1.2578945054957185,20.310000000000002,1.3794365871924,,,,,,,,,,
20.34,1.2595330922795736,20.34,1.353841956462442,,,,,,,,,,
20.37,1.2611718071361815,20.37,1.3176438461451379,,,,,,,,,,
20.400000000000002,1.2628106506035737,20.400000000000002,1.274281373607902,,,,,,,,,,
20.43,1.264449623217782,20.43,1.2277825755443157,,,,,,,,,,
20.46,1.2660887255128501,20.46,1.178691884569812,,,,,,,,,,
20.490000000000002,1.267727958020842,20.490000000000002,1.1373446460286611,,,,,,,,,,
20.52,1.2693673212718537,20.52,1.1142494498083964,,,,,,,,,,
20.55,1.2710068157940222,20.55,1.1111040238751129,,,,,,,,,,
20.580000000000002,1.2726464421135366,20.580000000000002,1.1287486181302857,,,,,,,,,,
20.610000000000003,1.2742862007546478,20.610000000000003,1.1653808598979625,,,,,,,,,,
20.64,1.2759260922396776,20.64,1.219134012893094,,,,,,,,,,
20.67,1.27756611708903,20.67,1.2780494469489698,,,,,,,,,,
20.700000000000003,1.2792062758212002,20.700000000000003,1.3335334146358309,,,,,,,,,,
20.73,1.280846568952784,20.73,1.3840478790493884,,,,,,,,,,
20.76,1.2824869969984887,20.76,1.4279237498021091,,,,,,,,,,
20.790000000000003,1.2841275604711415,20.790000000000003,1.459375980541789,,,,,,,,,,
20.82,1.2857682598816995,20.82,1.4826376909843495,,,,,,,,,,
20.85,1.2874090957392599,20.85,1.4928871851821033,,,,,,,,,,
20.880000000000003,1.2890500685510682,20.880000000000003,1.4872666864396014,,,,,,,,,,
20.91,1.2906911788225277,20.91,1.4694903248531632,,,,,,,,,,
20.94,1.292332427057211,20.94,1.441555053722197,,,,,,,,,,
20.970000000000002,1.2939738137568662,20.970000000000002,1.4025601651274675,,,,,,,,,,
21,1.2956153394214274,21,1.3507434651354662,,,,,,,,,,
21.03,1.2972570045490248,21.03,1.2925365642327382,,,,,,,,,,
21.060000000000002,1.298898809635992,21.060000000000002,1.2337021499524325,,,,,,,,,,
21.09,1.3005407551768764,21.09,1.1818498077519426,,,,,,,,,,
21.12,1.3021828416644476,21.12,1.1393762564033199,,,,,,,,,,
21.150000000000002,1.3038250695897062,21.150000000000002,1.1150192297639112,,,,,,,,,,
21.18,1.305467439441893,21.18,1.1217968362444597,,,,,,,,,,
21.21,1.3071099517084976,21.21,1.1467721148437187,,,,,,,,,,
21.240000000000002,1.308752606875267,21.240000000000002,1.188506554663673,,,,,,,,,,
21.27,1.3103954054262146,21.27,1.2445151564269354,,,,,,,,,,
21.3,1.3120383478436286,21.3,1.304575809962734,,,,,,,,,,
21.330000000000002,1.3136814346080807,21.330000000000002,1.35811349710917,,,,,,,,,,
21.360000000000003,1.315324666198434,21.360000000000003,1.4080096984988302,,,,,,,,,,
21.39,1.3169680430918524,21.39,1.4526042700212323,,,,,,,,,,
21.42,1.3186115657638093,21.42,1.477895803572652,,,,,,,,,,
21.450000000000003,1.3202552346880938,21.450000000000003,1.4903945222749855,,,,,,,,,,
21.48,1.3218990503368218,21.48,1.4924869164331949,,,,,,,,,,
21.51,1.323543013180442,21.51,1.480496229096207,,,,,,,,,,
21.540000000000003,1.3251871236877455,21.540000000000003,1.4537717923870903,,,,,,,,,,
21.57,1.3268313823258728,21.57,1.4144279629167016,,,,,,,,,,
21.6,1.3284757895603239,21.6,1.3669561529710217,,,,,,,,,,
21.630000000000003,1.3301203458549633,21.630000000000003,1.313385642321351,,,,,,,,,,
21.66,1.3317650516720307,21.66,1.2532613880913042,,,,,,,,,,
21.69,1.3334099074721477,21.69,1.2034690257100151,,,,,,,,,,
21.720000000000002,1.335054913714326,21.720000000000002,1.1729032557307433,,,,,,,,,,
21.75,1.3367000708559746,21.75,1.158356961200665,,,,,,,,,,
21.78,1.3383453793529092,21.78,1.161989586394516,,,,,,,,,,
21.810000000000002,1.3399908396593578,21.810000000000002,1.194337894076521,,,,,,,,,,
21.84,1.3416364522279696,21.84,1.2446784361307934,,,,,,,,,,
21.87,1.3432822175098238,21.87,1.2957887322378703,,,,,,,,,,
21.900000000000002,1.3449281359544343,21.900000000000002,1.3495751344713878,,,,,,,,,,
21.93,1.3465742080097596,21.93,1.40550999396275,,,,,,,,,,
21.96,1.3482204341222097,21.96,1.4513370568483683,,,,,,,,,,
21.990000000000002,1.3498668147366535,21.990000000000002,1.4830499659289405,,,,,,,,,,
22.020000000000003,1.3515133502964256,22.020000000000003,1.5038442590547196,,,,,,,,,,
22.05,1.3531600412433349,22.05,1.5104781721503457,,,,,,,,,,
22.080000000000002,1.3548068880176707,22.080000000000002,1.5004590804702722,,,,,,,,,,
22.110000000000003,1.3564538910582113,22.110000000000003,1.4739340139381591,,,,,,,,,,
22.14,1.3581010508022298,22.14,1.4325321987862527,,,,,,,,,,
22.17,1.359748367685502,22.17,1.3791863685121781,,,,,,,,,,
22.200000000000003,1.361395842142314,22.200000000000003,1.3117146574029956,,,,,,,,,,
22.23,1.363043474605468,22.23,1.2412154343527217,,,,,,,,,,
22.26,1.3646912655062915,22.26,1.1826548351000596,,,,,,,,,,
22.290000000000003,1.3663392152746416,22.290000000000003,1.1349962190799308,,,,,,,,,,
22.32,1.3679873243389138,22.32,1.109068752572666,,,,,,,,,,
22.35,1.3696355931260489,22.35,1.1223572231586603,,,,,,,,,,
22.380000000000003,1.3712840220615392,22.380000000000003,1.1723294914582176,,,,,,,,,,
22.41,1.3729326115694354,22.41,1.2371802226818989,,,,,,,,,,
22.44,1.374581362072354,22.44,1.312537752334588,,,,,,,,,,
22.470000000000002,1.3762302739914838,22.470000000000002,1.3936546122889626,,,,,,,,,,
22.5,1.3778793477465916,22.5,1.4691535430077562,,,,,,,,,,
22.53,1.3795285837560312,22.53,1.53229128149883,,,,,,,,,,
22.560000000000002,1.3811779824367476,22.560000000000002,1.5856116104771758,,,,,,,,,,
22.59,1.3828275442042846,22.59,1.6255376193732112,,,,,,,,,,
22.62,1.3844772694727925,22.62,1.646269354404715,,,,,,,,,,
22.650000000000002,1.386127158655032,22.650000000000002,1.6502849829467998,,,,,,,,,,
22.68,1.3877772121623837,22.68,1.6403083040237405,,,,,,,,,,
22.71,1.389427430404852,22.71,1.615876108748294,,,,,,,,,,
22.740000000000002,1.391077813791073,22.740000000000002,1.5660859633017288,,,,,,,,,,
22.770000000000003,1.3927283627283207,22.770000000000003,1.4985032474315194,,,,,,,,,,
22.8,1.3943790776225118,22.8,1.4201383694986782,,,,,,,,,,
22.830000000000002,1.3960299588782152,22.830000000000002,1.3330488579439133,,,,,,,,,,
22.860000000000003,1.397681006898655,22.860000000000003,1.2400667229393776,,,,,,,,,,
22.89,1.3993322220857178,22.89,1.1559301082819862,,,,,,,,,,
22.92,1.4009836048399604,22.92,1.0962823926549599,,,,,,,,,,
22.950000000000003,1.4026351555606136,22.950000000000003,1.0677455359099464,,,,,,,,,,
22.98,1.4042868746455894,22.98,1.0814363719418323,,,,,,,,,,
23.01,1.4059387624914876,23.01,1.1320358085252857,,,,,,,,,,
23.040000000000003,1.407590819493601,23.040000000000003,1.206882437684274,,,,,,,,,,
23.07,1.4092430460459218,23.07,1.2934258246671566,,,,,,,,,,
23.1,1.4108954425411468,23.1,1.381427065571921,,,,,,,,,,
23.130000000000003,1.4125480093706848,23.130000000000003,1.4643799856194972,,,,,,,,,,
23.16,1.4142007469246614,23.16,1.5332075993071121,,,,,,,,,,
23.19,1.4158536555919248,23.19,1.5870206263960935,,,,,,,,,,
23.220000000000002,1.4175067357600524,23.220000000000002,1.6236463942842643,,,,,,,,,,
23.25,1.4191599878153558,23.25,1.6428376585410671,,,,,,,,,,
23.28,1.420813412142887,23.28,1.6425417519526913,,,,,,,,,,
23.310000000000002,1.4224670091264444,23.310000000000002,1.6232614561848053,,,,,,,,,,
23.34,1.4241207791485775,23.34,1.5887010211722778,,,,,,,,,,
23.37,1.4257747225905937,23.37,1.5387949117544824,,,,,,,,,,
23.400000000000002,1.4274288398325634,23.400000000000002,1.4757178266831728,,,,,,,,,,
23.43,1.4290831312533245,23.43,1.4039944408953788,,,,,,,,,,
23.46,1.430737597230491,23.46,1.3329631894733798,,,,,,,,,,
23.490000000000002,1.432392238140455,23.490000000000002,1.2685122560515811,,,,,,,,,,
23.520000000000003,1.4340470543583943,23.520000000000003,1.2196234633582992,,,,,,,,,,
23.55,1.4357020462582775,23.55,1.1996213817381296,,,,,,,,,,
23.580000000000002,1.437357214212869,23.580000000000002,1.212667854167233,,,,,,,,,,
23.610000000000003,1.4390125585937352,23.610000000000003,1.2507604878129515,,,,,,,,,,
23.64,1.4406680797712486,23.64,1.3070977138051343,,,,,,,,,,
23.67,1.4423237781145946,23.67,1.3771089560796095,,,,,,,,,,
23.700000000000003,1.4439796539917755,23.700000000000003,1.4501333986432825,,,,,,,,,,
23.73,1.4456357077696167,23.73,1.5144528683961775,,,,,,,,,,
23.76,1.447291939813772,23.76,1.5691806710194278,,,,,,,,,,
23.790000000000003,1.4489483504887277,23.790000000000003,1.6118974027781765,,,,,,,,,,
23.82,1.450604940157809,23.82,1.639260188686612,,,,,,,,,,
23.85,1.4522617091831846,23.85,1.6488695580249595,,,,,,,,,,
23.880000000000003,1.4539186579258723,23.880000000000003,1.6427549320251824,,,,,,,,,,
23.91,1.4555757867457424,23.91,1.6208537079684617,,,,,,,,,,
23.94,1.4572330960015258,23.94,1.5843532497185162,,,,,,,,,,
23.970000000000002,1.4588905860508168,23.970000000000002,1.5314558408663839,,,,,,,,,,
24,1.460548257250078,24,1.4667282659016887,,,,,,,,,,
24.03,1.4622061099546468,24.03,1.403818086270204,,,,,,,,,,
24.060000000000002,1.463864144518739,24.060000000000002,1.3412526174639432,,,,,,,,,,
24.09,1.465522361295454,24.09,1.2881666122443267,,,,,,,,,,
24.12,1.467180760636781,24.12,1.259908767189975,,,,,,,,,,
24.150000000000002,1.4688393428936015,24.150000000000002,1.2633489511415277,,,,,,,,,,
24.180000000000003,1.4704981084156965,24.180000000000003,1.291991623116233,,,,,,,,,,
24.21,1.4721570575517493,24.21,1.3439540126454381,,,,,,,,,,
24.240000000000002,1.4738161906493525,24.240000000000002,1.4087062416225316,,,,,,,,,,
24.270000000000003,1.4754755080550106,24.270000000000003,1.475879661949836,,,,,,,,,,
24.3,1.4771350101141458,24.3,1.5407199407664915,,,,,,,,,,
24.330000000000002,1.478794697171103,24.330000000000002,1.6013952097036128,,,,,,,,,,
24.360000000000003,1.4804545695691536,24.360000000000003,1.6502210650208895,,,,,,,,,,
24.39,1.482114627650501,24.39,1.6821410039254083,,,,,,,,,,
24.42,1.4837748717562846,24.42,1.6970061705571529,,,,,,,,,,
24.450000000000003,1.485435302226585,24.450000000000003,1.6948190841065507,,,,,,,,,,
24.48,1.487095919400428,24.48,1.6763459742982036,,,,,,,,,,
24.51,1.4887567236157895,24.51,1.636376338852807,,,,,,,,,,
24.540000000000003,1.4904177152095999,24.540000000000003,1.5769975149543254,,,,,,,,,,
24.57,1.4920788945177486,24.57,1.5073516088589554,,,,,,,,,,
24.6,1.4937402618750888,24.6,1.4254586160631522,,,,,,,,,,
24.630000000000003,1.495401817615442,24.630000000000003,1.3294849527869181,,,,,,,,,,
24.66,1.497063562071601,24.66,1.2510942396813305,,,,,,,,,,
24.69,1.4987254955753366,24.69,1.188555109044519,,,,,,,,,,
24.720000000000002,1.5003876184574003,24.720000000000002,1.1558866414425568,,,,,,,,,,
24.75,1.502049931047529,24.75,1.163645905445807,,,,,,,,,,
24.78,1.5037124336744503,24.78,1.2148259094813791,,,,,,,,,,
24.810000000000002,1.5053751266658855,24.810000000000002,1.2852229149227548,,,,,,,,,,
24.84,1.5070380103485537,24.84,1.373379706665666,,,,,,,,,,
24.87,1.5087010850481786,24.87,1.4674055362838763,,,,,,,,,,
24.900000000000002,1.5103643510894895,24.900000000000002,1.5552815685256862,,,,,,,,,,
24.930000000000003,1.5120278087962271,24.930000000000003,1.6282069026044375,,,,,,,,,,
24.96,1.513691458491148,24.96,1.6859085245538215,,,,,,,,,,
24.990000000000002,1.5153553004960285,24.990000000000002,1.7287666572336544,,,,,,,,,,
25.020000000000003,1.5170193351316683,25.020000000000003,1.7536345233187418,,,,,,,,,,
25.05,1.5186835627178947,25.05,1.752107814303534,,,,,,,,,,
25.080000000000002,1.5203479835735683,25.080000000000002,1.7294604211365865,,,,,,,,,,
25.110000000000003,1.5220125980165844,25.110000000000003,1.6953964659682774,,,,,,,,,,
25.14,1.5236774063638787,25.14,1.6395030971063231,,,,,,,,,,
25.17,1.525342408931432,25.17,1.5533414319877135,,,,,,,,,,
25.200000000000003,1.5270076060342728,25.200000000000003,1.4691934529108945,,,,,,,,,,
25.23,1.5286729979864808,25.23,1.3812918694250411,,,,,,,,,,
25.26,1.530338585101194,25.26,1.2900437648403429,,,,,,,,,,
25.290000000000003,1.5320043676906083,25.290000000000003,1.214615833122401,,,,,,,,,,
25.32,1.5336703460659855,25.32,1.1757301553261865,,,,,,,,,,
25.35,1.5353365205376543,25.35,1.1746108488115705,,,,,,,,,,
25.380000000000003,1.5370028914150156,25.380000000000003,1.2146356959623934,,,,,,,,,,
25.41,1.538669459006546,25.41,1.2852676939348495,,,,,,,,,,
25.44,1.5403362236198017,25.44,1.371240559132273,,,,,,,,,,
25.470000000000002,1.5420031855614222,25.470000000000002,1.4596223208802106,,,,,,,,,,
25.5,1.543670345137135,25.5,1.5473011725377683,,,,,,,,,,
25.53,1.5453377026517572,25.53,1.6274230034488517,,,,,,,,,,
25.560000000000002,1.5470052584092018,25.560000000000002,1.6927689673426218,,,,,,,,,,
25.59,1.54867301271248,25.59,1.7367667542734495,,,,,,,,,,
25.62,1.5503409658637053,25.62,1.7551466151837947,,,,,,,,,,
25.650000000000002,1.552009118164097,25.650000000000002,1.7584014816222464,,,,,,,,,,
25.680000000000003,1.5536774699139841,25.680000000000003,1.7407991077575513,,,,,,,,,,
25.71,1.555346021412809,25.71,1.6943432958805942,,,,,,,,,,
25.740000000000002,1.557014772959131,25.740000000000002,1.6326140561241431,,,,,,,,,,
25.770000000000003,1.5586837248506304,25.770000000000003,1.5592706693972993,,,,,,,,,,
25.8,1.5603528773841109,25.8,1.4677507908057275,,,,,,,,,,
25.830000000000002,1.5620222308555047,25.830000000000002,1.3736741354767383,,,,,,,,,,
25.860000000000003,1.5636917855598753,25.860000000000003,1.2894039455884738,,,,,,,,,,
25.89,1.5653615417914204,25.89,1.223608166398604,,,,,,,,,,
25.92,1.5670314998434771,25.92,1.1839027841114282,,,,,,,,,,
25.950000000000003,1.568701660008524,25.950000000000003,1.2000106758692304,,,,,,,,,,
25.98,1.5703720225781852,25.98,1.2574967810922895,,,,,,,,,,
26.01,1.5720425878432343,26.01,1.3396696718049481,,,,,,,,,,
26.040000000000003,1.5737133560935965,26.040000000000003,1.4348332868564149,,,,,,,,,,
26.07,1.5753843276183532,26.07,1.5365265583555578,,,,,,,,,,
26.1,1.577055502705745,26.1,1.6296140395333978,,,,,,,,,,
26.130000000000003,1.5787268816431754,26.130000000000003,1.7069889516240102,,,,,,,,,,
26.16,1.5803984647172142,26.16,1.7659393106224488,,,,,,,,,,
26.19,1.5820702522136,26.19,1.8084608134077407,,,,,,,,,,
26.220000000000002,1.5837422444172449,26.220000000000002,1.8329671842141373,,,,,,,,,,
26.25,1.5854144416122364,26.25,1.828107803190769,,,,,,,,,,
26.28,1.5870868440818424,26.28,1.803127653693246,,,,,,,,,,
26.310000000000002,1.5887594521085129,26.310000000000002,1.7662303581700711,,,,,,,,,,
26.340000000000003,1.590432265973884,26.340000000000003,1.7087165666874125,,,,,,,,,,
26.37,1.5921052859587812,26.37,1.625420018029758,,,,,,,,,,
26.400000000000002,1.5937785123432233,26.400000000000002,1.5347423664955102,,,,,,,,,,
26.430000000000003,1.5954519454064235,26.430000000000003,1.4399988272378779,,,,,,,,,,
26.46,1.5971255854267954,26.46,1.3434808999216246,,,,,,,,,,
26.490000000000002,1.5987994326819546,26.490000000000002,1.2676895087767506,,,,,,,,,,
26.520000000000003,1.600473487448721,26.520000000000003,1.230698320401959,,,,,,,,,,
26.55,1.6021477500031245,26.55,1.2262169628249773,,,,,,,,,,
26.580000000000002,1.603822220620406,26.580000000000002,1.265861513708873,,,,,,,,,,
26.610000000000003,1.6054968995750216,26.610000000000003,1.3440050966917727,,,,,,,,,,
26.64,1.6071717871406448,26.64,1.4379517086485105,,,,,,,,,,
26.67,1.6088468835901717,26.67,1.533788251906884,,,,,,,,,,
26.700000000000003,1.610522189195721,26.700000000000003,1.6250540841767844,,,,,,,,,,
26.73,1.6121977042286395,26.73,1.7045777577428507,,,,,,,,,,
26.76,1.6138734289595043,26.76,1.7666982562287885,,,,,,,,,,
26.790000000000003,1.6155493636581255,26.790000000000003,1.8052772639600037,,,,,,,,,,
26.82,1.6172255085935496,26.82,1.8180327687607343,,,,,,,,,,
26.85,1.6189018640340638,26.85,1.8120788723975376,,,,,,,,,,
26.880000000000003,1.6205784302471957,26.880000000000003,1.7861914551154947,,,,,,,,,,
26.91,1.62225520749972,26.91,1.73539988469629,,,,,,,,,,
26.94,1.6239321960576591,26.94,1.661127018368252,,,,,,,,,,
26.970000000000002,1.6256093961862863,26.970000000000002,1.5720914293697876,,,,,,,,,,
27,1.6272868081501302,27,1.4726286787848437,,,,,,,,,,
27.03,1.6289644322129755,27.03,1.3701150943329927,,,,,,,,,,
27.060000000000002,1.6306422686378679,27.060000000000002,1.2839974716182063,,,,,,,,,,
27.090000000000003,1.6323203176871155,27.090000000000003,1.2207639699686357,,,,,,,,,,
27.12,1.6339985796222924,27.12,1.20776300817395,,,,,,,,,,
27.150000000000002,1.6356770547042419,27.150000000000002,1.2600242344832946,,,,,,,,,,
27.180000000000003,1.637355743193078,27.180000000000003,1.3513125323471238,,,,,,,,,,
27.21,1.6390346453481892,27.21,1.4599954336163543,,,,,,,,,,
27.240000000000002,1.640713761428243,27.240000000000002,1.5756452905729608,,,,,,,,,,
27.270000000000003,1.6423930916911844,27.270000000000003,1.6906122543973514,,,,,,,,,,
27.3,1.6440726363942426,27.3,1.7920975586429695,,,,,,,,,,
27.330000000000002,1.6457523957939326,27.330000000000002,1.875195931874887,,,,,,,,,,
27.360000000000003,1.6474323701460576,27.360000000000003,1.9320815865130396,,,,,,,,,,
27.39,1.6491125597057108,27.39,1.9641350395599517,,,,,,,,,,
27.42,1.6507929647272808,27.42,1.9735457319530494,,,,,,,,,,
27.450000000000003,1.6524735854644526,27.450000000000003,1.965952594590291,,,,,,,,,,
27.48,1.6541544221702091,27.48,1.9251581176431263,,,,,,,,,,
27.51,1.6558354750968376,27.51,1.8611461148878923,,,,,,,,,,
27.540000000000003,1.657516744495928,27.540000000000003,1.7731666537890984,,,,,,,,,,
27.57,1.6591982306183781,27.57,1.6605733887508638,,,,,,,,,,
27.6,1.6608799337143965,27.6,1.521728032014323,,,,,,,,,,
27.630000000000003,1.6625618540335034,27.630000000000003,1.3655841745742479,,,,,,,,,,
27.66,1.6642439918245353,27.66,1.200345402873397,,,,,,,,,,
27.69,1.6659263473356456,27.69,1.0583134904657867,,,,,,,,,,
27.720000000000002,1.6676089208143092,27.720000000000002,0.9804901303824145,,,,,,,,,,
27.75,1.6692917125073228,27.75,0.9995733968173909,,,,,,,,,,
27.78,1.6709747226608112,27.78,1.10344309995363,,,,,,,,,,
27.810000000000002,1.672657951520225,27.810000000000002,1.27550787470719,,,,,,,,,,
27.840000000000003,1.6743413993303462,27.840000000000003,1.4565289012750096,,,,,,,,,,
27.87,1.6760250663352911,27.87,1.6260673019189906,,,,,,,,,,
27.900000000000002,1.6777089527785112,27.900000000000002,1.7634935042483366,,,,,,,,,,
27.930000000000003,1.6793930589027968,27.930000000000003,1.8745246476866604,,,,,,,,,,
27.96,1.6810773849502783,27.96,1.9701684270639224,,,,,,,,,,
27.990000000000002,1.6827619311624304,27.990000000000002,2.0405379082403754,,,,,,,,,,
28.020000000000003,1.6844466977800736,28.020000000000003,2.072921736658841,,,,,,,,,,
28.05,1.6861316850433765,28.05,2.07911311752906,,,,,,,,,,
28.080000000000002,1.6878168931918585,28.080000000000002,2.0725325497741154,,,,,,,,,,
28.110000000000003,1.6895023224643924,28.110000000000003,2.039854084934309,,,,,,,,,,
28.14,1.6911879730992063,28.14,1.970495215375199,,,,,,,,,,
28.17,1.6928738453338874,28.17,1.892737943199041,,,,,,,,,,
28.200000000000003,1.6945599394053823,28.200000000000003,1.7854070496372163,,,,,,,,,,
28.23,1.6962462555500015,28.23,1.6635697264964466,,,,,,,,,,
28.26,1.6979327940034206,28.26,1.5119195665666747,,,,,,,,,,
28.290000000000003,1.699619555000682,28.290000000000003,1.3666168983142817,,,,,,,,,,
28.32,1.7013065387761996,28.32,1.2188827395918702,,,,,,,,,,
28.35,1.7029937455637585,28.35,1.135949562883917,,,,,,,,,,
28.380000000000003,1.7046811755965197,28.380000000000003,1.122571644930084,,,,,,,,,,
28.41,1.7063688291070203,28.41,1.1984700071575705,,,,,,,,,,
28.44,1.708056706327177,28.44,1.3269441641522866,,,,,,,,,,
28.470000000000002,1.7097448074882888,28.470000000000002,1.4863754969789142,,,,,,,,,,
28.5,1.7114331328210381,28.5,1.6410086881015196,,,,,,,,,,
28.53,1.7131216825554945,28.53,1.7731398599353736,,,,,,,,,,
28.560000000000002,1.7148104569211147,28.560000000000002,1.8732688412586704,,,,,,,,,,
28.590000000000003,1.7164994561467477,28.590000000000003,1.949279391786321,,,,,,,,,,
28.62,1.7181886804606343,28.62,2.006017234706804,,,,,,,,,,
28.650000000000002,1.7198781300904122,28.650000000000002,2.026997572307105,,,,,,,,,,
28.680000000000003,1.7215678052631156,28.680000000000003,2.0152005661241628,,,,,,,,,,
28.71,1.7232577062051786,28.71,1.9907699852219451,,,,,,,,,,
28.740000000000002,1.7249478331424377,28.740000000000002,1.9427318833842508,,,,,,,,,,
28.770000000000003,1.726638186300133,28.770000000000003,1.8623292137929746,,,,,,,,,,
28.8,1.7283287659029118,28.8,1.757659391121108,,,,,,,,,,
28.830000000000002,1.7300195721748295,28.830000000000002,1.6307899313046672,,,,,,,,,,
28.860000000000003,1.7317106053393525,28.860000000000003,1.4857767030623104,,,,,,,,,,
28.89,1.7334018656193595,28.89,1.3425679317379908,,,,,,,,,,
28.92,1.735093353237145,28.92,1.213244449106375,,,,,,,,,,
28.950000000000003,1.736785068414421,28.950000000000003,1.134719835314312,,,,,,,,,,
28.98,1.7384770113723176,28.98,1.1406214028037822,,,,,,,,,,
29.01,1.7401691823313874,29.01,1.2383621027487501,,,,,,,,,,
29.040000000000003,1.7418615815116063,29.040000000000003,1.3853788207136084,,,,,,,,,,
29.07,1.7435542091323755,29.07,1.5372785594352032,,,,,,,,,,
29.1,1.745247065412525,29.1,1.685839085982126,,,,,,,,,,
29.130000000000003,1.7469401505703133,29.130000000000003,1.8178166263833309,,,,,,,,,,
29.16,1.7486334648234312,29.16,1.9260333000937202,,,,,,,,,,
29.19,1.7503270083890046,29.19,1.9968887386529068,,,,,,,,,,
29.220000000000002,1.7520207814835937,29.220000000000002,2.0372550777330423,,,,,,,,,,
29.250000000000004,1.7537147843231986,29.250000000000004,2.0535930785234777,,,,,,,,,,
29.28,1.7554090171232581,29.28,2.0496060401112683,,,,,,,,,,
29.310000000000002,1.757103480098653,29.310000000000002,2.0098247038750507,,,,,,,,,,
29.340000000000003,1.7587981734637095,29.340000000000003,1.9431836274737744,,,,,,,,,,
29.37,1.7604930974321988,29.37,1.8448590323711458,,,,,,,,,,
29.400000000000002,1.762188252217341,29.400000000000002,1.7205831902835818,,,,,,,,,,
29.430000000000003,1.763883638031806,29.430000000000003,1.5664536783220986,,,,,,,,,,
29.46,1.7655792550877156,29.46,1.399216271609603,,,,,,,,,,
29.490000000000002,1.7672751035966465,29.490000000000002,1.2301331061415883,,,,,,,,,,
29.520000000000003,1.7689711837696303,29.520000000000003,1.0990600145294538,,,,,,,,,,
29.55,1.7706674958171567,29.55,1.0581947995368202,,,,,,,,,,
29.580000000000002,1.772364039949177,29.580000000000002,1.14115053926378,,,,,,,,,,
29.610000000000003,1.7740608163751017,29.610000000000003,1.3056088277593463,,,,,,,,,,
29.64,1.775757825303807,29.64,1.5013591393636192,,,,,,,,,,
29.67,1.7774550669436353,29.67,1.691868511850378,,,,,,,,,,
29.700000000000003,1.779152541502394,29.700000000000003,1.8593584072119298,,,,,,,,,,
29.73,1.7808502491873621,29.73,1.997868243427177,,,,,,,,,,
29.76,1.7825481902052895,29.76,2.101475253134725,,,,,,,,,,
29.790000000000003,1.7842463647623996,29.790000000000003,2.1767053295142658,,,,,,,,,,
29.82,1.78594477306439,29.82,2.221626714853545,,,,,,,,,,
29.85,1.7876434153164364,29.85,2.2456921361721243,,,,,,,,,,
29.880000000000003,1.789342291723193,29.880000000000003,2.2402800036248123,,,,,,,,,,
29.91,1.7910414024887937,29.91,2.197003677479735,,,,,,,,,,
29.94,1.7927407478168567,29.94,2.122414985865227,,,,,,,,,,
29.970000000000002,1.7944403279104835,29.970000000000002,2.023028347173846,,,,,,,,,,
30.000000000000004,1.7961401429722614,30.000000000000004,1.8884168790960871,,,,,,,,,,
